area_sqm,price_k,area_sqm^2,area_sqm^3,area_sqm^4
120.7,444.5,14568.49,1758416.743,212240900.8801
73.6,251.0,5416.959999999999,398688.25599999994,29343455.64159999
136.3,410.6,18577.690000000002,2532139.147000001,345130565.73610014
142.9,507.3,20420.41,2918076.589,416993144.5681001
41.7,160.5,1738.8900000000003,72511.71300000002,3023738.432100001
64.4,166.7,4147.360000000001,267089.98400000005,17200594.969600007
114.5,419.2,13110.25,1501123.625,171878655.0625
98.9,244.6,9781.210000000001,967361.6690000001,95672069.06410003
109.4,420.4,11968.36,1309338.5840000003,143241641.08960003
80.1,238.0,6416.009999999999,513922.4009999999,41165184.32009999
140.8,633.9,19824.640000000003,2791309.312000001,393016351.1296001
137.2,489.0,18823.839999999997,2582630.8479999993,354336952.3455999
112.3,426.1,12611.289999999999,1416247.8669999999,159044635.46409997
149.5,418.9,22350.25,3341362.375,499533675.0625
126.4,443.1,15976.960000000001,2019487.7440000002,255263250.84160006
79.9,250.5,6384.010000000001,510082.3990000001,40755583.68010001
122.9,261.8,15104.410000000002,1856331.9890000003,228143201.44810003
109.8,153.7,12056.039999999999,1323753.1919999998,145348100.4816
109.8,360.9,12056.039999999999,1323753.1919999998,145348100.4816
108.3,374.4,11728.89,1270238.787,137566860.6321
103.5,282.7,10712.25,1108717.875,114752300.0625
86.2,273.2,7430.4400000000005,640503.9280000001,55211438.593600005
152.8,646.9,23347.840000000004,3567549.952000001,545121632.6656002
104.6,367.6,10941.159999999998,1144445.336,119708982.14559998
95.0,269.3,9025.0,857375.0,81450625.0
109.8,466.8,12056.039999999999,1323753.1919999998,145348100.4816
128.6,533.9,16537.96,2126781.6559999995,273504120.96159995
122.8,535.1,15079.84,1851804.352,227401574.4256
124.4,539.6,15475.36,1925134.7840000002,239486767.12960005
125.1,441.0,15650.009999999998,1957816.2509999997,244922813.00009996
185.0,621.8,34225.0,6331625.0,1171350625.0
95.8,303.5,9177.64,879217.9119999999,84229075.96959999
92.1,295.4,8482.41,781229.9609999999,71951279.40809998
81.5,381.7,6642.25,541343.375,44119485.0625
131.6,397.0,17318.559999999998,2279122.496,299932520.4736
149.5,574.3,22350.25,3341362.375,499533675.0625
106.0,445.5,11236.0,1191016.0,126247696.0
80.6,204.7,6496.359999999999,523606.61599999986,42202693.249599986
81.1,265.1,6577.209999999999,533411.7309999999,43259691.38409999
132.8,469.6,17635.840000000004,2342039.5520000006,311022852.5056001
136.0,584.7,18496.0,2515456.0,342102016.0
129.0,547.0,16641.0,2146689.0,276922881.0
86.7,218.6,7516.89,651714.363,56503635.27210001
118.1,358.2,13947.609999999999,1647212.7409999997,194535824.71209997
114.1,384.5,13018.81,1485446.2209999997,169489413.81609997
117.7,357.6,13853.29,1630532.233,191913643.82410002
140.5,432.1,19740.25,2773505.125,389677470.0625
117.8,415.4,13876.84,1634691.7519999999,192566688.38559997
133.8,283.9,17902.440000000002,2395346.4720000005,320497357.9536001
112.4,385.0,12633.760000000002,1420034.6240000003,159611891.73760003
120.1,460.7,14424.009999999998,1732323.6009999998,208052064.48009995
132.1,447.5,17450.41,2305199.161,304516809.16809994
59.0,158.2,3481.0,205379.0,12117361.0
98.8,315.8,9761.439999999999,964430.2719999999,95285710.87359999
93.5,315.0,8742.25,817400.375,76426935.0625
87.6,223.4,7673.759999999999,672221.3759999998,58886592.53759999
100.4,438.6,10080.160000000002,1012048.0640000001,101609625.62560003
162.3,439.2,26341.290000000005,4275191.367000001,693863558.8641002
79.7,246.2,6352.09,506261.57300000003,40349047.3681
143.9,484.5,20707.210000000003,2979767.5190000003,428788545.98410004
51.1,171.3,2611.21,133432.831,6818417.664100001
98.3,324.9,9662.89,949862.0869999999,93371443.15209998
115.7,420.1,13386.49,1548816.8930000002,179198114.52010003
109.8,504.0,12056.039999999999,1323753.1919999998,145348100.4816
134.9,517.8,18198.010000000002,2454911.549,331167567.96010005
137.8,507.2,18988.840000000004,2616662.1520000007,360576044.5456001
97.8,333.2,9564.84,935441.352,91486164.22559999
93.8,343.0,8798.439999999999,825293.6719999999,77412546.4336
140.0,595.6,19600.0,2744000.0,384160000.0
103.3,310.1,10670.89,1102302.937,113867893.39209999
65.4,196.8,4277.160000000001,279726.2640000001,18294097.665600006
70.3,221.0,4942.089999999999,347428.92699999997,24424253.568099994
77.8,249.2,6052.839999999999,470910.95199999993,36636872.06559999
127.4,456.8,16230.760000000002,2067798.8240000003,263437570.17760006
115.0,301.0,13225.0,1520875.0,174900625.0
134.2,437.1,18009.639999999996,2416893.6879999996,324347132.9295999
109.8,411.0,12056.039999999999,1323753.1919999998,145348100.4816
115.5,401.7,13340.25,1540798.875,177962270.0625
131.9,442.9,17397.61,2294744.759,302676833.7121
99.2,270.9,9840.640000000001,976191.4880000001,96838195.60960001
126.0,504.4,15876.0,2000376.0,252047376.0
86.8,239.6,7534.24,653972.0319999999,56764772.37759999
97.3,302.5,9467.289999999999,921167.3169999999,89629579.94409999
96.6,327.0,9331.56,901428.6959999999,87078012.03359997
68.1,241.9,4637.61,315821.2409999999,21507426.512099992
127.0,664.4,16129.0,2048383.0,260144641.0
93.6,302.4,8760.96,820025.8559999998,76754420.12159999
110.4,363.7,12188.160000000002,1345572.8640000003,148551244.18560004
126.8,453.8,16078.24,2038720.832,258509801.4976
125.6,432.9,15775.359999999999,1981385.2159999998,248861983.12959996
133.3,464.5,17768.890000000003,2368593.0370000005,315733451.8321001
106.6,286.1,11363.56,1211355.4959999998,129130495.87359998
95.2,389.9,9063.04,862801.408,82138694.0416
107.2,404.5,11491.84,1231925.2480000001,132062386.58560002
50.9,214.9,2590.81,131872.229,6712296.456099999
59.4,219.4,3528.3599999999997,209584.58399999997,12449324.289599998
63.7,273.4,4057.6900000000005,258474.85300000003,16464848.136100003
75.1,255.8,5640.009999999999,423564.75099999993,31809712.80009999
124.0,370.2,15376.0,1906624.0,236421376.0
78.3,245.5,6130.889999999999,480048.687,37587812.192099996
96.8,259.2,9370.24,907039.232,87801397.65759999
155.5,547.0,24180.25,3760028.875,584684490.0625
97.5,402.5,9506.25,926859.375,90368789.0625
135.8,555.6,18441.640000000003,2504374.7120000008,340094085.8896001
77.3,339.7,5975.29,461889.91699999996,35704090.58409999
102.8,353.4,10567.84,1086373.9519999998,111679242.26559998
76.7,228.8,5882.89,451217.66300000006,34608394.752100006
98.1,378.7,9623.609999999999,944076.1409999998,92613869.43209998
139.4,561.6,19432.36,2708870.984,377616615.16960007
49.5,231.6,2450.25,121287.375,6003725.0625
125.2,424.4,15675.04,1962515.0080000001,245706879.00160003
118.3,408.7,13994.89,1655595.487,195856946.11209998
89.2,373.7,7956.64,709732.2880000001,63308120.08960001
59.4,167.9,3528.3599999999997,209584.58399999997,12449324.289599998
109.8,519.0,12056.039999999999,1323753.1919999998,145348100.4816
91.5,321.4,8372.25,766060.875,70094570.0625
118.1,366.6,13947.609999999999,1647212.7409999997,194535824.71209997
110.8,512.4,12276.64,1360251.7119999998,150715889.6896
166.1,513.1,27589.21,4582567.7809999995,761164508.4240999
101.6,390.4,10322.56,1048772.096,106555244.95359997
74.2,282.7,5505.64,408518.48800000007,30312071.809600003
116.3,377.6,13525.689999999999,1573037.747,182944289.97609997
117.7,523.9,13853.29,1630532.233,191913643.82410002
157.6,604.4,24837.76,3914430.976,616914321.8175999
109.8,516.4,12056.039999999999,1323753.1919999998,145348100.4816
122.5,447.7,15006.25,1838265.625,225187539.0625
161.2,672.3,25985.439999999995,4188852.927999999,675243091.9935998
68.4,232.1,4678.56,320013.5040000001,21888923.673600007
87.6,322.0,7673.759999999999,672221.3759999998,58886592.53759999
77.6,368.5,6021.759999999999,467288.5759999999,36261593.49759999
96.4,335.6,9292.960000000001,895841.3440000002,86359105.56160001
61.8,258.2,3819.24,236029.03199999998,14586594.177599998
132.2,385.6,17476.839999999997,2310438.247999999,305439936.3855999
102.2,364.7,10444.84,1067462.648,109094682.62560001
58.5,183.1,3422.25,200201.625,11711795.0625
74.5,240.6,5550.25,413493.625,30805275.0625
121.0,413.9,14641.0,1771561.0,214358881.0
139.3,450.0,19404.49,2703045.457000001,376534232.1601001
179.9,582.4,32364.010000000002,5822285.399,1047429143.2801001
212.0,684.8,44944.0,9528128.0,2019963136.0
124.5,388.6,15500.25,1929781.125,240257750.0625
75.4,229.8,5685.160000000001,428661.0640000001,32321044.225600008
40.0,136.5,1600.0,64000.0,2560000.0
119.4,481.8,14256.36,1702209.3840000003,203243800.44960004
81.5,419.7,6642.25,541343.375,44119485.0625
95.5,428.6,9120.25,870983.875,83178960.0625
88.6,324.5,7849.959999999999,695506.4559999999,61621872.00159998
105.1,414.1,11046.009999999998,1160935.6509999998,122014336.92009997
147.3,491.7,21697.290000000005,3196010.8170000007,470772393.3441001
115.5,380.2,13340.25,1540798.875,177962270.0625
104.4,351.0,10899.36,1137893.1840000001,118796048.40960002
73.8,190.9,5446.44,401947.27199999994,29663708.673599996
51.4,173.3,2641.96,135796.74399999998,6979952.641599999
93.0,401.1,8649.0,804357.0,74805201.0
109.8,439.6,12056.039999999999,1323753.1919999998,145348100.4816
171.9,622.1,29549.61,5079577.959000001,873179451.1521001
114.6,346.3,13133.159999999998,1505060.1359999997,172479891.58559996
144.4,543.6,20851.36,3010936.3840000005,434779213.8496001
92.5,319.5,8556.25,791453.125,73209414.0625
68.5,253.0,4692.25,321419.125,22017210.0625
76.2,202.2,5806.4400000000005,442450.72800000006,33714745.47360001
84.6,225.9,7157.159999999999,605495.7359999999,51224939.26559999
184.5,603.0,34040.25,6280426.125,1158738620.0625
81.3,233.1,6609.69,537367.7969999999,43688001.89609999
139.3,474.6,19404.49,2703045.457000001,376534232.1601001
78.4,261.0,6146.560000000001,481890.3040000001,37780199.833600014
109.8,539.2,12056.039999999999,1323753.1919999998,145348100.4816
123.5,396.6,15252.25,1883652.875,232631130.0625
104.5,389.9,10920.25,1141166.125,119251860.0625
108.6,337.5,11793.96,1280824.0559999999,139097492.48159996
87.1,234.7,7586.409999999999,660776.3109999999,57553616.68809999
125.6,389.9,15775.359999999999,1981385.2159999998,248861983.12959996
94.1,452.9,8854.81,833237.6209999998,78407660.13609998
67.1,181.2,4502.409999999999,302111.71099999995,20271695.808099993
65.3,183.6,4264.089999999999,278445.077,18182463.528099995
116.0,501.7,13456.0,1560896.0,181063936.0
165.3,600.1,27324.090000000004,4516672.0770000005,746605894.3281002
115.6,308.4,13363.359999999999,1544804.4159999997,178579390.48959997
105.8,304.8,11193.64,1184287.112,125297576.44959998
120.0,362.8,14400.0,1728000.0,207360000.0
155.7,586.1,24242.489999999998,3774555.692999999,587698321.4000999
109.8,389.8,12056.039999999999,1323753.1919999998,145348100.4816
95.6,250.6,9139.359999999999,873722.8159999999,83527901.20959999
148.7,456.2,22111.689999999995,3288008.3029999994,488926834.65609986
125.0,385.1,15625.0,1953125.0,244140625.0
163.8,517.8,26830.440000000002,4394826.072000001,719872510.5936002
116.4,404.5,13548.960000000001,1577098.9440000001,183574317.08160004
67.1,79.9,4502.409999999999,302111.71099999995,20271695.808099993
62.1,299.3,3856.4100000000003,239483.06100000002,14871898.088100001
167.8,555.2,28156.840000000004,4724717.752000001,792807638.7856002
170.3,531.0,29002.090000000004,4939055.927000001,841121224.3681002
103.7,471.3,10753.69,1115157.6530000002,115641848.61610001
96.6,316.2,9331.56,901428.6959999999,87078012.03359997
161.2,511.1,25985.439999999995,4188852.927999999,675243091.9935998
71.3,264.1,5083.69,362467.09699999995,25843904.016099997
78.7,202.6,6193.6900000000005,487443.40300000005,38361795.81610001
132.5,424.5,17556.25,2326203.125,308221914.0625
96.2,305.8,9254.44,890277.128,85644659.71360001
109.8,329.2,12056.039999999999,1323753.1919999998,145348100.4816
104.3,305.4,10878.49,1134626.507,118341544.6801
121.8,345.2,14835.24,1806932.2319999998,220084345.85759997
159.3,536.8,25376.490000000005,4042474.857000001,643966244.7201002
113.2,552.1,12814.24,1450571.968,164204746.77760002
132.5,340.2,17556.25,2326203.125,308221914.0625
40.0,109.3,1600.0,64000.0,2560000.0
108.3,563.1,11728.89,1270238.787,137566860.6321
80.5,263.6,6480.25,521660.125,41993640.0625
67.3,144.1,4529.29,304821.21699999995,20514467.904099997
79.3,230.7,6288.49,498677.2569999999,39545106.48009999
98.3,287.1,9662.89,949862.0869999999,93371443.15209998
142.1,542.4,20192.41,2869341.4609999997,407733421.60809994
63.6,323.1,4044.96,257259.456,16361701.401600001
111.1,236.2,12343.21,1371330.6309999998,152354833.10409996
93.1,312.3,8667.609999999999,806954.4909999998,75127463.11209998
98.5,476.2,9702.25,955671.625,94133655.0625
145.1,528.2,21054.01,3054936.851,443271337.08009994
128.8,471.5,16589.440000000002,2136719.8720000004,275209519.5136001
104.6,348.3,10941.159999999998,1144445.336,119708982.14559998
85.6,244.7,7327.359999999999,627222.0159999998,53690204.569599986
102.2,341.3,10444.84,1067462.648,109094682.62560001
118.5,416.9,14042.25,1664006.625,197184785.0625
116.2,468.6,13502.44,1568983.5280000002,182315885.95360002
72.0,276.9,5184.0,373248.0,26873856.0
109.8,311.4,12056.039999999999,1323753.1919999998,145348100.4816
118.0,510.5,13924.0,1643032.0,193877776.0
198.1,690.1,39243.61,7774159.140999999,1540060925.8321
175.7,710.4,30870.489999999994,5423945.092999999,952987152.8400998
80.1,315.4,6416.009999999999,513922.4009999999,41165184.32009999
99.9,372.9,9980.010000000002,997002.9990000002,99600599.60010003
109.8,255.9,12056.039999999999,1323753.1919999998,145348100.4816
89.3,325.4,7974.49,712121.9569999999,63592490.76009999
121.0,476.4,14641.0,1771561.0,214358881.0
152.2,512.8,23164.839999999997,3525688.647999999,536609812.2255998
84.5,335.9,7140.25,603351.125,50983170.0625
87.1,366.7,7586.409999999999,660776.3109999999,57553616.68809999
40.0,116.5,1600.0,64000.0,2560000.0
104.3,445.5,10878.49,1134626.507,118341544.6801
72.8,315.4,5299.839999999999,385828.35199999996,28088304.025599994
109.8,462.3,12056.039999999999,1323753.1919999998,145348100.4816
79.3,420.9,6288.49,498677.2569999999,39545106.48009999
106.7,380.7,11384.890000000001,1214767.763,129615720.31210001
48.5,137.2,2352.25,114084.125,5533080.0625
58.7,264.5,3445.6900000000005,202262.00300000003,11872779.576100003
184.5,645.8,34040.25,6280426.125,1158738620.0625
64.9,152.0,4212.010000000001,273359.4490000001,17741028.240100008
71.6,183.4,5126.5599999999995,367061.69599999994,26281617.43359999
174.3,655.9,30380.490000000005,5295319.407000001,922974172.6401002
211.7,737.1,44816.88999999999,9487735.612999998,2008553629.2720995
69.0,156.4,4761.0,328509.0,22667121.0
109.8,270.8,12056.039999999999,1323753.1919999998,145348100.4816
122.0,386.2,14884.0,1815848.0,221533456.0
170.5,486.0,29070.25,4956477.625,845079435.0625
75.5,232.7,5700.25,430368.875,32492850.0625
101.4,320.0,10281.960000000001,1042590.7440000002,105718701.44160002
137.2,506.0,18823.839999999997,2582630.8479999993,354336952.3455999
125.2,479.5,15675.04,1962515.0080000001,245706879.00160003
96.8,421.6,9370.24,907039.232,87801397.65759999
105.3,459.7,11088.09,1167575.8769999999,122945739.84809999
61.9,303.8,3831.6099999999997,237176.65899999999,14681235.192099998
101.7,417.8,10342.890000000001,1051871.9130000002,106975373.55210002
100.7,323.7,10140.49,1021147.3430000001,102829537.44010001
118.1,381.3,13947.609999999999,1647212.7409999997,194535824.71209997
90.6,267.1,8208.359999999999,743677.4159999999,67377173.88959998
126.5,589.4,16002.25,2024284.625,256072005.0625
145.4,472.2,21141.16,3073924.6640000003,446948646.1456001
115.4,441.4,13317.160000000002,1536800.2640000002,177346750.46560004
122.3,498.7,14957.289999999999,1829276.5669999998,223720524.14409998
111.9,426.4,12521.61,1401168.1590000002,156790716.99210003
110.0,183.3,12100.0,1331000.0,146410000.0
84.7,244.0,7174.09,607645.4230000001,51467567.3281
121.1,380.7,14665.21,1775956.9309999999,215068384.34409997
106.6,354.1,11363.56,1211355.4959999998,129130495.87359998
123.5,430.9,15252.25,1883652.875,232631130.0625
83.3,356.7,6938.889999999999,578009.5369999999,48148194.43209999
71.1,222.7,5055.209999999999,359425.4309999999,25555148.14409999
151.7,523.1,23012.889999999996,3491055.4129999992,529593106.15209985
119.2,312.9,14208.640000000001,1693669.888,201885450.64960003
126.8,563.8,16078.24,2038720.832,258509801.4976
48.9,156.8,2391.21,116930.169,5717885.264099999
142.5,537.7,20306.25,2893640.625,412343789.0625
125.9,612.9,15850.810000000001,1995616.9790000003,251248177.65610003
71.1,325.1,5055.209999999999,359425.4309999999,25555148.14409999
93.5,284.3,8742.25,817400.375,76426935.0625
119.2,444.3,14208.640000000001,1693669.888,201885450.64960003
111.8,286.6,12499.24,1397415.032,156231000.57759997
99.8,282.8,9960.039999999999,994011.992,99202396.8016
106.4,280.9,11320.960000000001,1204550.144,128164135.32160003
101.2,223.5,10241.44,1036433.7280000001,104887093.27360001
115.3,433.4,13294.09,1532808.5769999998,176732828.9281
161.5,755.0,26082.25,4212283.375,680283765.0625
40.0,149.4,1600.0,64000.0,2560000.0
101.7,253.0,10342.890000000001,1051871.9130000002,106975373.55210002
116.2,363.1,13502.44,1568983.5280000002,182315885.95360002
120.4,457.6,14496.160000000002,1745337.6640000003,210138654.74560004
97.0,376.9,9409.0,912673.0,88529281.0
48.5,207.1,2352.25,114084.125,5533080.0625
121.5,369.7,14762.25,1793613.375,217924025.0625
170.5,613.3,29070.25,4956477.625,845079435.0625
56.3,132.7,3169.6899999999996,178453.54699999996,10046934.696099998
140.2,575.9,19656.039999999997,2755776.8079999993,386359908.48159987
98.5,332.6,9702.25,955671.625,94133655.0625
107.9,391.6,11642.410000000002,1256216.039,135545710.60810003
73.1,280.9,5343.609999999999,390617.8909999999,28554167.832099993
98.3,303.6,9662.89,949862.0869999999,93371443.15209998
155.5,616.5,24180.25,3760028.875,584684490.0625
130.4,437.5,17004.16,2217342.464,289141457.30560005
125.4,526.6,15725.160000000002,1971935.0640000002,247280657.02560005
171.0,611.7,29241.0,5000211.0,855036081.0
125.4,512.9,15725.160000000002,1971935.0640000002,247280657.02560005
139.0,525.0,19321.0,2685619.0,373301041.0
99.6,311.7,9920.159999999998,988047.9359999999,98409574.42559998
112.3,298.6,12611.289999999999,1416247.8669999999,159044635.46409997
85.6,280.1,7327.359999999999,627222.0159999998,53690204.569599986
144.6,673.0,20909.16,3023464.536,437192971.90559995
68.8,97.6,4733.44,325660.67199999996,22405454.233599998
137.4,381.4,18878.760000000002,2593941.6240000003,356407579.13760006
103.3,274.5,10670.89,1102302.937,113867893.39209999
151.0,559.5,22801.0,3442951.0,519885601.0
136.3,593.0,18577.690000000002,2532139.147000001,345130565.73610014
173.7,458.6,30171.689999999995,5240822.552999999,910330877.4560997
135.6,574.0,18387.359999999997,2493326.016,338095007.7695999
55.0,144.3,3025.0,166375.0,9150625.0
107.7,287.8,11599.29,1249243.533,134543528.50410002
69.0,355.7,4761.0,328509.0,22667121.0
91.9,300.5,8445.61,776151.5590000001,71328328.27210002
162.9,590.7,26536.410000000003,4322781.189,704181055.6881001
132.3,483.1,17503.290000000005,2315685.2670000005,306365160.8241001
85.5,224.5,7310.25,625026.375,53439755.0625
74.5,248.3,5550.25,413493.625,30805275.0625
111.1,349.5,12343.21,1371330.6309999998,152354833.10409996
67.4,183.7,4542.760000000001,306182.0240000001,20636668.417600006
86.5,235.7,7482.25,647214.625,55984065.0625
120.9,451.8,14616.810000000001,1767172.3290000001,213651134.57610005
150.4,546.9,22620.160000000003,3402072.0640000002,511671638.42560005
131.3,362.9,17239.690000000002,2263571.2970000007,297206911.2961001
40.0,173.1,1600.0,64000.0,2560000.0
120.7,413.1,14568.49,1758416.743,212240900.8801
112.5,360.7,12656.25,1423828.125,160180664.0625
124.5,385.6,15500.25,1929781.125,240257750.0625
166.6,538.4,27755.559999999998,4624076.295999999,770371110.9135998
40.0,175.3,1600.0,64000.0,2560000.0
89.3,337.2,7974.49,712121.9569999999,63592490.76009999
130.7,343.2,17082.489999999998,2232681.4429999995,291811464.6000999
54.6,175.9,2981.1600000000003,162771.336,8887314.945600001
122.9,531.9,15104.410000000002,1856331.9890000003,228143201.44810003
139.6,465.1,19488.16,2720547.1359999995,379788380.1855999
90.0,224.6,8100.0,729000.0,65610000.0
138.5,650.6,19182.25,2656741.625,367958715.0625
147.4,472.7,21726.760000000002,3202524.4240000006,472052100.0976001
109.8,420.8,12056.039999999999,1323753.1919999998,145348100.4816
118.2,432.2,13971.24,1651400.5680000002,195195547.1376
119.5,416.3,14280.25,1706489.875,203925540.0625
79.8,330.3,6368.04,508169.59199999995,40551933.441599995
104.8,412.3,10983.039999999999,1151022.592,120627167.64159998
104.7,376.9,10962.09,1147730.823,120167417.16810001
123.4,381.3,15227.560000000001,1879080.9040000003,231878583.55360004
145.0,445.4,21025.0,3048625.0,442050625.0
73.0,252.2,5329.0,389017.0,28398241.0
105.6,288.8,11151.359999999999,1177583.616,124352829.84959997
161.9,538.3,26211.61,4243659.659,687048498.7921001
84.0,348.3,7056.0,592704.0,49787136.0
81.2,257.9,6593.4400000000005,535387.3280000001,43473451.0336
117.1,400.0,13712.409999999998,1605723.2109999997,188030188.00809997
139.6,385.9,19488.16,2720547.1359999995,379788380.1855999
110.4,424.9,12188.160000000002,1345572.8640000003,148551244.18560004
156.5,707.6,24492.25,3833037.125,599870310.0625
140.0,418.6,19600.0,2744000.0,384160000.0
139.5,478.0,19460.25,2714704.875,378701330.0625
129.4,526.8,16744.36,2166720.1840000004,280373591.80960006
191.5,682.7,36672.25,7022735.875,1344853920.0625
102.8,304.9,10567.84,1086373.9519999998,111679242.26559998
40.0,163.6,1600.0,64000.0,2560000.0
166.1,472.2,27589.21,4582567.7809999995,761164508.4240999
94.0,322.9,8836.0,830584.0,78074896.0
113.8,379.2,12950.439999999999,1473760.072,167713896.19359997
155.8,520.8,24273.640000000003,3781833.1120000007,589209598.8496002
53.9,177.2,2905.21,156590.819,8440245.1441
66.2,268.2,4382.4400000000005,290117.52800000005,19205780.353600003
54.0,186.7,2916.0,157464.0,8503056.0
82.2,218.2,6756.84,555412.248,45654886.78560001
125.4,619.3,15725.160000000002,1971935.0640000002,247280657.02560005
128.3,504.0,16460.890000000003,2111932.1870000004,270960899.5921001
119.7,345.2,14328.09,1715072.3730000001,205294163.04810002
60.6,154.0,3672.36,222545.016,13486227.969600001
40.0,140.5,1600.0,64000.0,2560000.0
111.9,292.4,12521.61,1401168.1590000002,156790716.99210003
93.5,286.4,8742.25,817400.375,76426935.0625
126.1,466.7,15901.21,2005142.5809999998,252848479.46409994
134.6,469.6,18117.16,2438569.7359999996,328231486.46559995
114.8,397.3,13179.039999999999,1512953.792,173687095.3216
136.6,435.3,18659.559999999998,2548895.8959999997,348179179.3935999
118.0,386.2,13924.0,1643032.0,193877776.0
128.6,395.2,16537.96,2126781.6559999995,273504120.96159995
85.3,199.9,7276.089999999999,620650.477,52941485.688099995
103.7,360.3,10753.69,1115157.6530000002,115641848.61610001
116.9,368.2,13665.61,1597509.8090000001,186748896.67210004
138.7,483.1,19237.689999999995,2668267.602999999,370088716.53609985
96.2,251.5,9254.44,890277.128,85644659.71360001
128.2,469.1,16435.239999999998,2106997.767999999,270117113.8575999
100.7,287.2,10140.49,1021147.3430000001,102829537.44010001
105.9,338.4,11214.810000000001,1187648.3790000002,125771963.33610003
139.0,416.0,19321.0,2685619.0,373301041.0
40.2,152.8,1616.0400000000002,64964.80800000001,2611585.281600001
64.6,258.4,4173.159999999999,269586.13599999994,17415264.385599993
58.1,152.4,3375.61,196122.94100000002,11394742.872100001
40.0,228.3,1600.0,64000.0,2560000.0
86.3,251.8,7447.69,642735.6469999999,55468086.33609999
136.2,419.4,18550.44,2526569.9279999994,344118824.1935999
100.0,324.3,10000.0,1000000.0,100000000.0
116.9,492.3,13665.61,1597509.8090000001,186748896.67210004
148.1,474.0,21933.609999999997,3248367.641,481083247.6320999
156.5,542.1,24492.25,3833037.125,599870310.0625
107.6,373.9,11577.759999999998,1245766.9759999998,134044526.61759998
157.4,636.8,24774.760000000002,3899547.2240000004,613788733.0576001
113.2,392.0,12814.24,1450571.968,164204746.77760002
80.7,302.3,6512.490000000001,525557.9430000001,42412526.00010001
89.2,215.6,7956.64,709732.2880000001,63308120.08960001
58.2,232.0,3387.2400000000002,197137.36800000002,11473394.817600003
78.9,331.9,6225.210000000001,491169.06900000013,38753239.54410001
97.5,384.7,9506.25,926859.375,90368789.0625
138.1,548.9,19071.609999999997,2633789.3409999995,363726307.99209994
170.2,655.6,28968.039999999997,4930360.407999999,839147341.4415997
61.6,217.5,3794.5600000000004,233744.896,14398685.593600001
123.7,504.6,15301.69,1892819.053,234141716.85610002
73.6,310.0,5416.959999999999,398688.25599999994,29343455.64159999
126.6,601.0,16027.559999999998,2029089.0959999997,256882679.55359995
105.4,313.9,11109.160000000002,1170905.4640000002,123413435.90560003
45.9,120.9,2106.81,96702.579,4438648.376099999
142.5,532.0,20306.25,2893640.625,412343789.0625
88.8,360.3,7885.44,700227.0719999999,62180163.99359999
91.3,363.8,8335.689999999999,761048.497,69483727.7761
72.6,249.2,5270.759999999999,382657.1759999999,27780910.97759999
87.1,344.4,7586.409999999999,660776.3109999999,57553616.68809999
125.0,469.9,15625.0,1953125.0,244140625.0
103.4,414.5,10691.560000000001,1105507.3040000002,114309455.23360002
121.5,452.1,14762.25,1793613.375,217924025.0625
122.7,429.3,15055.29,1847284.083,226661756.9841
156.2,662.2,24398.439999999995,3811036.3279999993,595283874.4335998
98.0,297.1,9604.0,941192.0,92236816.0
58.3,206.8,3398.89,198155.28699999998,11552453.232099997
147.4,695.4,21726.760000000002,3202524.4240000006,472052100.0976001
98.4,364.8,9682.560000000001,952763.9040000002,93751968.15360002
149.0,384.6,22201.0,3307949.0,492884401.0
123.4,342.9,15227.560000000001,1879080.9040000003,231878583.55360004
105.4,410.5,11109.160000000002,1170905.4640000002,123413435.90560003
122.2,424.3,14932.84,1824793.0480000002,222989710.4656
182.7,599.3,33379.28999999999,6098396.282999999,1114177000.9040997
112.4,336.9,12633.760000000002,1420034.6240000003,159611891.73760003
115.6,414.7,13363.359999999999,1544804.4159999997,178579390.48959997
147.7,644.2,21815.289999999997,3222118.332999999,475906877.7840999
80.4,399.1,6464.160000000001,519718.4640000001,41785364.50560001
121.7,547.8,14810.890000000001,1802485.313,219362462.59210002
109.1,323.3,11902.81,1298596.5709999998,141676885.89609998
121.0,521.1,14641.0,1771561.0,214358881.0
80.8,259.1,6528.639999999999,527514.112,42623140.24959999
54.4,205.9,2959.3599999999997,160989.18399999998,8757811.609599998
40.0,69.8,1600.0,64000.0,2560000.0
70.9,201.1,5026.81,356400.8290000001,25268818.77610001
93.9,319.6,8817.210000000001,827936.0190000002,77743192.18410002
99.7,291.4,9940.09,991026.9730000001,98805389.2081
109.8,578.7,12056.039999999999,1323753.1919999998,145348100.4816
148.7,471.0,22111.689999999995,3288008.3029999994,488926834.65609986
76.3,240.9,5821.69,444194.9469999999,33892074.456099994
122.2,360.9,14932.84,1824793.0480000002,222989710.4656
95.8,356.6,9177.64,879217.9119999999,84229075.96959999
100.0,368.2,10000.0,1000000.0,100000000.0
116.5,466.7,13572.25,1581167.125,184205970.0625
131.7,415.0,17344.889999999996,2284322.0129999993,300845209.1120999
98.1,473.3,9623.609999999999,944076.1409999998,92613869.43209998
147.2,667.4,21667.839999999997,3189506.0479999995,469495290.26559985
70.0,199.0,4900.0,343000.0,24010000.0
110.2,445.9,12144.04,1338273.208,147477707.5216
200.9,771.2,40360.810000000005,8108486.729,1628994983.8561
117.8,420.7,13876.84,1634691.7519999999,192566688.38559997
160.2,568.0,25664.039999999997,4111379.207999999,658642949.1215998
113.2,448.2,12814.24,1450571.968,164204746.77760002
109.8,499.1,12056.039999999999,1323753.1919999998,145348100.4816
108.0,365.6,11664.0,1259712.0,136048896.0
104.0,225.9,10816.0,1124864.0,116985856.0
82.7,374.9,6839.290000000001,565609.283,46775887.704100005
109.8,373.5,12056.039999999999,1323753.1919999998,145348100.4816
80.2,358.1,6432.040000000001,515849.60800000007,41371138.56160001
133.3,355.5,17768.890000000003,2368593.0370000005,315733451.8321001
148.0,445.9,21904.0,3241792.0,479785216.0
122.8,426.3,15079.84,1851804.352,227401574.4256
100.0,237.9,10000.0,1000000.0,100000000.0
125.9,324.8,15850.810000000001,1995616.9790000003,251248177.65610003
99.2,407.6,9840.640000000001,976191.4880000001,96838195.60960001
109.8,520.1,12056.039999999999,1323753.1919999998,145348100.4816
45.9,48.5,2106.81,96702.579,4438648.376099999
98.3,387.4,9662.89,949862.0869999999,93371443.15209998
40.3,85.1,1624.0899999999997,65450.82699999998,2637668.328099999
57.7,133.5,3329.2900000000004,192100.03300000002,11084171.904100003
157.7,607.9,24869.289999999997,3921887.0329999994,618481585.1040999
141.3,609.5,19965.690000000002,2821151.997000001,398628777.17610013
84.8,256.5,7191.04,609800.1919999999,51711056.28159999
57.4,150.3,3294.7599999999998,189119.224,10855443.4576
40.0,98.3,1600.0,64000.0,2560000.0
91.0,414.7,8281.0,753571.0,68574961.0
125.2,432.4,15675.04,1962515.0080000001,245706879.00160003
90.4,234.5,8172.160000000001,738763.2640000001,66784199.065600015
126.3,581.0,15951.689999999999,2014698.447,254456413.85609996
55.4,130.3,3069.16,170031.46399999998,9419743.1056
99.6,383.9,9920.159999999998,988047.9359999999,98409574.42559998
113.5,428.7,12882.25,1462135.375,165952365.0625
107.0,575.1,11449.0,1225043.0,131079601.0
137.7,466.6,18961.289999999997,2610969.6329999994,359530518.4640999
122.1,649.4,14908.409999999998,1820316.8609999998,222260688.72809997
133.4,534.0,17795.56,2373927.7040000004,316681955.71360004
109.8,272.0,12056.039999999999,1323753.1919999998,145348100.4816
141.4,454.0,19993.960000000003,2827145.944,399758436.48160005
167.0,642.8,27889.0,4657463.0,777796321.0
76.0,328.4,5776.0,438976.0,33362176.0
78.9,182.1,6225.210000000001,491169.06900000013,38753239.54410001
156.8,673.0,24586.240000000005,3855122.432000001,604483197.3376002
109.8,447.7,12056.039999999999,1323753.1919999998,145348100.4816
159.1,530.1,25312.809999999998,4027268.0709999995,640738350.0960999
160.9,625.5,25888.81,4165509.5290000006,670230483.2161001
114.6,321.7,13133.159999999998,1505060.1359999997,172479891.58559996
119.0,310.1,14161.0,1685159.0,200533921.0
164.8,472.0,27159.040000000005,4475809.792000001,737613453.7216002
97.3,288.2,9467.289999999999,921167.3169999999,89629579.94409999
77.1,318.6,5944.409999999999,458314.0109999999,35336010.24809999
94.3,420.3,8892.49,838561.8069999999,79076378.4001
125.8,520.4,15825.64,1990865.5119999999,250450881.4096
55.2,164.6,3047.0400000000004,168196.60800000004,9284452.761600003
132.3,386.6,17503.290000000005,2315685.2670000005,306365160.8241001
91.1,254.5,8299.21,756058.0309999998,68876886.62409998
150.2,587.8,22560.039999999997,3388518.0079999994,508955404.80159986
40.0,140.7,1600.0,64000.0,2560000.0
82.5,345.5,6806.25,561515.625,46325039.0625
51.0,196.5,2601.0,132651.0,6765201.0
81.1,281.6,6577.209999999999,533411.7309999999,43259691.38409999
118.7,432.3,14089.69,1672446.2030000002,198519364.29610002
103.7,356.0,10753.69,1115157.6530000002,115641848.61610001
101.1,347.7,10221.21,1033364.3309999998,104473133.86409998
104.4,322.1,10899.36,1137893.1840000001,118796048.40960002
117.1,383.4,13712.409999999998,1605723.2109999997,188030188.00809997
74.7,310.8,5580.09,416832.72300000006,31137404.408100005
134.7,458.1,18144.089999999997,2444008.9229999995,329208001.9280999
133.2,454.4,17742.239999999998,2363266.3679999993,314787080.21759987
123.5,472.6,15252.25,1883652.875,232631130.0625
129.5,452.4,16770.25,2171747.375,281241285.0625
120.4,389.6,14496.160000000002,1745337.6640000003,210138654.74560004
181.2,763.5,32833.439999999995,5949419.327999999,1078034782.2335997
107.0,511.9,11449.0,1225043.0,131079601.0
99.3,300.6,9860.49,979146.6569999999,97229263.0401
83.6,360.1,6988.959999999999,584277.0559999999,48845561.881599985
73.9,218.9,5461.210000000001,403583.4190000001,29824814.66410001
66.4,247.8,4408.960000000001,292754.9440000001,19438928.281600006
78.9,329.0,6225.210000000001,491169.06900000013,38753239.54410001
107.5,347.2,11556.25,1242296.875,133546914.0625
121.7,448.0,14810.890000000001,1802485.313,219362462.59210002
111.8,426.4,12499.24,1397415.032,156231000.57759997
83.2,237.1,6922.240000000001,575930.368,47917406.61760001
141.5,507.6,20022.25,2833148.375,400890495.0625
135.9,578.1,18468.81,2509911.279,341096942.81610006
109.8,399.3,12056.039999999999,1323753.1919999998,145348100.4816
87.1,231.9,7586.409999999999,660776.3109999999,57553616.68809999
129.2,590.7,16692.639999999996,2156689.0879999995,278644230.1695999
116.6,467.2,13595.56,1585242.2959999999,184839251.71359995
59.3,252.4,3516.49,208527.85699999996,12365701.920099998
107.6,368.6,11577.759999999998,1245766.9759999998,134044526.61759998
119.2,428.5,14208.640000000001,1693669.888,201885450.64960003
78.5,309.8,6162.25,483736.625,37973325.0625
116.6,331.5,13595.56,1585242.2959999999,184839251.71359995
59.1,196.2,3492.81,206425.07100000003,12199721.6961
156.8,362.0,24586.240000000005,3855122.432000001,604483197.3376002
153.7,685.1,23623.689999999995,3630961.152999999,558078729.2160999
101.2,344.3,10241.44,1036433.7280000001,104887093.27360001
122.7,546.9,15055.29,1847284.083,226661756.9841
40.0,83.7,1600.0,64000.0,2560000.0
69.5,206.4,4830.25,335702.375,23331315.0625
99.7,260.1,9940.09,991026.9730000001,98805389.2081
72.5,261.4,5256.25,381078.125,27628164.0625
135.0,503.8,18225.0,2460375.0,332150625.0
179.9,657.1,32364.010000000002,5822285.399,1047429143.2801001
68.8,243.8,4733.44,325660.67199999996,22405454.233599998
80.7,283.0,6512.490000000001,525557.9430000001,42412526.00010001
118.2,457.2,13971.24,1651400.5680000002,195195547.1376
166.4,567.0,27688.960000000003,4607442.944,766678505.8816001
67.2,173.1,4515.84,303464.44800000003,20392810.905600004
109.8,476.3,12056.039999999999,1323753.1919999998,145348100.4816
173.7,537.7,30171.689999999995,5240822.552999999,910330877.4560997
52.2,180.7,2724.84,142236.64800000002,7424753.025600001
65.2,198.6,4251.04,277167.808,18071341.081600003
95.2,281.7,9063.04,862801.408,82138694.0416
91.8,331.7,8427.24,773620.632,71018374.01759999
138.4,536.6,19154.56,2650991.1040000003,366897168.7936001
118.5,505.8,14042.25,1664006.625,197184785.0625
47.9,286.3,2294.41,109902.23899999999,5264317.2480999995
128.0,591.8,16384.0,2097152.0,268435456.0
109.8,446.0,12056.039999999999,1323753.1919999998,145348100.4816
154.6,499.1,23901.16,3695119.3359999997,571265449.3455999
88.0,308.5,7744.0,681472.0,59969536.0
87.7,367.8,7691.290000000001,674526.133,59155941.86410001
128.9,399.5,16615.210000000003,2141700.569,276065203.34410006
136.7,515.3,18686.889999999996,2554497.8629999994,349199857.8720999
125.7,545.5,15800.490000000002,1986121.593,249655484.24010003
51.0,131.8,2601.0,132651.0,6765201.0
128.8,370.6,16589.440000000002,2136719.8720000004,275209519.5136001
73.8,186.9,5446.44,401947.27199999994,29663708.673599996
118.2,308.5,13971.24,1651400.5680000002,195195547.1376
109.8,208.5,12056.039999999999,1323753.1919999998,145348100.4816
125.6,528.6,15775.359999999999,1981385.2159999998,248861983.12959996
81.8,242.8,6691.24,547343.4319999999,44772692.73759999
65.1,321.6,4238.009999999999,275894.45099999994,17960728.760099992
135.0,575.5,18225.0,2460375.0,332150625.0
118.5,414.6,14042.25,1664006.625,197184785.0625
88.5,370.0,7832.25,693154.125,61344140.0625
160.8,533.8,25856.640000000003,4157747.7120000008,668565832.0896002
94.6,289.6,8949.159999999998,846590.5359999998,80087464.70559998
111.1,407.7,12343.21,1371330.6309999998,152354833.10409996
119.4,457.2,14256.36,1702209.3840000003,203243800.44960004
88.3,360.9,7796.889999999999,688465.387,60791493.67209999
126.5,432.4,16002.25,2024284.625,256072005.0625
91.3,387.2,8335.689999999999,761048.497,69483727.7761
95.6,345.3,9139.359999999999,873722.8159999999,83527901.20959999
157.7,505.4,24869.289999999997,3921887.0329999994,618481585.1040999
73.6,260.7,5416.959999999999,398688.25599999994,29343455.64159999
40.0,189.7,1600.0,64000.0,2560000.0
166.4,638.1,27688.960000000003,4607442.944,766678505.8816001
95.8,288.4,9177.64,879217.9119999999,84229075.96959999
42.2,141.7,1780.8400000000001,75151.44800000002,3171391.105600001
99.1,376.5,9820.81,973242.2709999998,96448309.05609998
100.0,285.2,10000.0,1000000.0,100000000.0
103.4,391.8,10691.560000000001,1105507.3040000002,114309455.23360002
71.0,358.5,5041.0,357911.0,25411681.0
130.3,619.1,16978.090000000004,2212245.127000001,288255540.0481001
128.4,459.4,16486.56,2116874.3040000005,271806660.63360006
57.7,155.1,3329.2900000000004,192100.03300000002,11084171.904100003
134.5,611.1,18090.25,2433138.625,327257145.0625
181.8,761.6,33051.240000000005,6008715.432000001,1092384465.5376003
109.8,362.1,12056.039999999999,1323753.1919999998,145348100.4816
98.2,214.9,9643.24,946966.1680000001,92992077.6976
105.0,407.4,11025.0,1157625.0,121550625.0
131.5,535.0,17292.25,2273930.875,299021910.0625
49.4,205.5,2440.3599999999997,120553.78399999999,5955356.929599999
115.8,390.9,13409.64,1552836.312,179818444.92959997
96.3,297.2,9273.689999999999,893056.347,86001326.21609999
174.7,763.7,30520.089999999997,5331859.722999999,931475893.6080997
103.9,362.7,10795.210000000001,1121622.3190000001,116536558.94410002
168.4,572.6,28358.56,4775581.504000001,804207925.2736001
71.4,298.5,5097.960000000001,363994.3440000001,25989196.16160001
130.6,558.0,17056.359999999997,2227560.616,290919416.4495999
121.2,436.1,14689.44,1780360.128,215779647.51360002
79.6,209.5,6336.159999999999,504358.3359999999,40146923.54559999
116.2,408.3,13502.44,1568983.5280000002,182315885.95360002
152.4,503.5,23225.760000000002,3539605.8240000005,539435927.5776001
98.7,318.7,9741.69,961504.8030000001,94900524.05610001
50.8,119.3,2580.64,131096.512,6659702.809599998
109.4,310.1,11968.36,1309338.5840000003,143241641.08960003
78.4,374.7,6146.560000000001,481890.3040000001,37780199.833600014
98.0,330.9,9604.0,941192.0,92236816.0
109.8,308.1,12056.039999999999,1323753.1919999998,145348100.4816
50.3,214.3,2530.0899999999997,127263.52699999997,6401355.408099999
53.5,149.2,2862.25,153130.375,8192475.0625
126.9,523.4,16103.61,2043548.1090000002,259326255.03210005
91.7,388.6,8408.890000000001,771095.2130000001,70709431.0321
40.0,158.0,1600.0,64000.0,2560000.0
137.5,596.4,18906.25,2599609.375,357446289.0625
119.5,449.0,14280.25,1706489.875,203925540.0625
85.0,249.9,7225.0,614125.0,52200625.0
109.8,265.2,12056.039999999999,1323753.1919999998,145348100.4816
139.3,464.6,19404.49,2703045.457000001,376534232.1601001
122.2,487.3,14932.84,1824793.0480000002,222989710.4656
193.4,735.8,37403.560000000005,7233848.504000001,1399026300.6736002
124.7,533.2,15550.09,1939096.2230000002,241805299.00810003
123.6,375.5,15276.96,1888232.2559999998,233385506.84159997
104.2,284.3,10857.640000000001,1131366.088,117888346.36960001
138.6,513.3,19209.96,2662500.456,369022563.20159996
131.9,382.9,17397.61,2294744.759,302676833.7121
153.8,512.3,23654.440000000002,3638052.872000001,559532531.7136002
109.8,364.7,12056.039999999999,1323753.1919999998,145348100.4816
94.8,360.9,8987.039999999999,851971.3919999999,80766887.96159999
93.2,347.1,8686.24,809557.5680000001,75450765.33760001
137.7,584.8,18961.289999999997,2610969.6329999994,359530518.4640999
162.4,465.9,26373.760000000002,4283098.624000001,695575216.5376
93.9,315.5,8817.210000000001,827936.0190000002,77743192.18410002
95.1,285.6,9044.009999999998,860085.3509999998,81794116.88009998
121.0,453.8,14641.0,1771561.0,214358881.0
101.4,351.9,10281.960000000001,1042590.7440000002,105718701.44160002
143.3,513.2,20534.890000000003,2942649.7370000007,421681707.3121001
40.0,169.8,1600.0,64000.0,2560000.0
109.8,223.6,12056.039999999999,1323753.1919999998,145348100.4816
109.8,228.3,12056.039999999999,1323753.1919999998,145348100.4816
109.8,154.3,12056.039999999999,1323753.1919999998,145348100.4816
76.3,179.0,5821.69,444194.9469999999,33892074.456099994
109.8,268.5,12056.039999999999,1323753.1919999998,145348100.4816
103.0,382.3,10609.0,1092727.0,112550881.0
149.0,632.7,22201.0,3307949.0,492884401.0
101.4,371.4,10281.960000000001,1042590.7440000002,105718701.44160002
73.9,247.4,5461.210000000001,403583.4190000001,29824814.66410001
109.8,351.2,12056.039999999999,1323753.1919999998,145348100.4816
146.7,473.1,21520.889999999996,3157114.562999999,463148706.39209986
75.8,182.0,5745.639999999999,435519.51199999993,33012379.009599995
78.1,200.5,6099.609999999999,476379.5409999999,37205242.15209999
129.5,438.2,16770.25,2171747.375,281241285.0625
102.2,535.3,10444.84,1067462.648,109094682.62560001
132.7,351.7,17609.289999999997,2336752.7829999994,310087094.3040999
109.5,365.7,11990.25,1312932.375,143766095.0625
134.6,466.4,18117.16,2438569.7359999996,328231486.46559995
73.8,373.6,5446.44,401947.27199999994,29663708.673599996
109.6,331.0,12012.159999999998,1316532.7359999998,144291987.86559996
102.6,289.5,10526.759999999998,1080045.576,110812676.09759997
67.4,355.1,4542.760000000001,306182.0240000001,20636668.417600006
109.8,104.1,12056.039999999999,1323753.1919999998,145348100.4816
134.0,459.6,17956.0,2406104.0,322417936.0
97.7,306.9,9545.29,932574.8330000001,91112561.18410002
74.2,185.2,5505.64,408518.48800000007,30312071.809600003
106.6,473.9,11363.56,1211355.4959999998,129130495.87359998
149.5,518.5,22350.25,3341362.375,499533675.0625
40.0,121.6,1600.0,64000.0,2560000.0
57.6,225.5,3317.76,191102.97600000002,11007531.4176
77.7,143.5,6037.290000000001,469097.4330000001,36448870.54410001
161.1,653.5,25953.21,4181062.1309999996,673569109.3040999
119.9,516.9,14376.010000000002,1723683.5990000002,206669663.52010003
136.9,489.1,18741.61,2565726.4090000005,351247945.39210004
70.1,329.1,4914.009999999999,344472.1009999999,24147494.28009999
70.8,208.5,5012.639999999999,354894.91199999995,25126559.769599997
125.7,560.0,15800.490000000002,1986121.593,249655484.24010003
112.0,300.5,12544.0,1404928.0,157351936.0
129.2,387.6,16692.639999999996,2156689.0879999995,278644230.1695999
103.4,324.5,10691.560000000001,1105507.3040000002,114309455.23360002
109.8,543.7,12056.039999999999,1323753.1919999998,145348100.4816
115.5,382.5,13340.25,1540798.875,177962270.0625
137.2,480.4,18823.839999999997,2582630.8479999993,354336952.3455999
138.2,633.1,19099.239999999998,2639514.9679999994,364780968.5775999
53.3,219.1,2840.89,151419.43699999998,8070655.9920999985
40.0,63.8,1600.0,64000.0,2560000.0
145.1,513.5,21054.01,3054936.851,443271337.08009994
151.6,486.5,22982.559999999998,3484156.0959999994,528198064.1535999
74.3,251.6,5520.49,410172.40699999995,30475809.840099994
44.9,179.2,2016.0099999999998,90518.84899999999,4064296.3200999997
113.5,419.8,12882.25,1462135.375,165952365.0625
142.6,399.5,20334.76,2899736.7759999996,413502464.25759995
172.9,588.3,29894.410000000003,5168743.489,893675749.2481002
128.1,501.4,16409.609999999997,2102071.0409999997,269275300.35209996
97.0,251.4,9409.0,912673.0,88529281.0
78.7,303.8,6193.6900000000005,487443.40300000005,38361795.81610001
110.4,465.6,12188.160000000002,1345572.8640000003,148551244.18560004
99.5,297.1,9900.25,985074.875,98014950.0625
74.5,263.7,5550.25,413493.625,30805275.0625
181.7,721.4,33014.89,5998805.512999999,1089982961.7120998
172.5,771.5,29756.25,5132953.125,885434414.0625
149.8,495.5,22440.040000000005,3361517.9920000006,503555395.20160013
77.8,299.4,6052.839999999999,470910.95199999993,36636872.06559999
109.8,373.0,12056.039999999999,1323753.1919999998,145348100.4816
109.8,449.7,12056.039999999999,1323753.1919999998,145348100.4816
125.5,350.2,15750.25,1976656.375,248070375.0625
153.7,588.4,23623.689999999995,3630961.152999999,558078729.2160999
132.2,445.6,17476.839999999997,2310438.247999999,305439936.3855999
135.9,625.0,18468.81,2509911.279,341096942.81610006
132.3,485.7,17503.290000000005,2315685.2670000005,306365160.8241001
121.9,351.4,14859.61,1811386.4590000003,220808009.35210004
47.6,139.2,2265.76,107850.176,5133668.3776
112.9,354.6,12746.410000000002,1439069.6890000002,162470967.88810003
90.5,217.0,8190.25,741217.625,67080195.0625
65.2,183.7,4251.04,277167.808,18071341.081600003
168.9,731.2,28527.210000000003,4818245.769,813801710.3841001
170.5,728.2,29070.25,4956477.625,845079435.0625
157.6,585.1,24837.76,3914430.976,616914321.8175999
118.9,520.8,14137.210000000001,1680914.2690000003,199860706.58410004
157.3,652.3,24743.290000000005,3892119.517000001,612230400.0241002
110.4,371.1,12188.160000000002,1345572.8640000003,148551244.18560004
117.1,468.2,13712.409999999998,1605723.2109999997,188030188.00809997
109.8,185.3,12056.039999999999,1323753.1919999998,145348100.4816
123.9,397.8,15351.210000000001,1902014.9190000002,235659648.46410003
112.1,417.0,12566.409999999998,1408694.5609999998,157914660.28809997
109.8,357.1,12056.039999999999,1323753.1919999998,145348100.4816
108.2,352.7,11707.24,1266723.368,137059468.4176
107.2,524.7,11491.84,1231925.2480000001,132062386.58560002
172.9,612.6,29894.410000000003,5168743.489,893675749.2481002
141.3,593.7,19965.690000000002,2821151.997000001,398628777.17610013
110.4,420.8,12188.160000000002,1345572.8640000003,148551244.18560004
118.7,339.5,14089.69,1672446.2030000002,198519364.29610002
111.5,432.4,12432.25,1386195.875,154560840.0625
102.9,368.9,10588.410000000002,1089547.3890000002,112114426.32810003
72.1,304.8,5198.409999999999,374805.3609999999,27023466.52809999
104.7,330.7,10962.09,1147730.823,120167417.16810001
109.8,328.5,12056.039999999999,1323753.1919999998,145348100.4816
127.9,438.4,16358.410000000002,2092240.6390000002,267597577.72810006
123.7,411.9,15301.69,1892819.053,234141716.85610002
47.5,63.4,2256.25,107171.875,5090664.0625
109.8,365.2,12056.039999999999,1323753.1919999998,145348100.4816
144.8,601.8,20967.040000000005,3036027.392000001,439616766.36160016
145.9,647.3,21286.81,3105745.5790000004,453128279.9761001
111.4,459.1,12409.960000000001,1382469.5440000002,154007107.20160004
80.4,253.4,6464.160000000001,519718.4640000001,41785364.50560001
72.1,117.1,5198.409999999999,374805.3609999999,27023466.52809999
122.1,520.7,14908.409999999998,1820316.8609999998,222260688.72809997
123.3,390.3,15202.89,1874516.3369999998,231127864.35209998
109.8,544.5,12056.039999999999,1323753.1919999998,145348100.4816
148.5,461.4,22052.25,3274759.125,486301730.0625
105.4,441.1,11109.160000000002,1170905.4640000002,123413435.90560003
66.5,188.8,4422.25,294079.625,19556295.0625
98.8,309.5,9761.439999999999,964430.2719999999,95285710.87359999
117.6,391.9,13829.759999999998,1626379.7759999998,191262261.65759996
102.9,357.2,10588.410000000002,1089547.3890000002,112114426.32810003
89.8,390.5,8064.039999999999,724150.7919999999,65028741.121599995
118.9,414.8,14137.210000000001,1680914.2690000003,199860706.58410004
92.4,381.9,8537.76,788889.0240000001,72893345.81760001
88.0,338.1,7744.0,681472.0,59969536.0
120.9,319.0,14616.810000000001,1767172.3290000001,213651134.57610005
95.9,482.9,9196.810000000001,881974.0790000001,84581314.17610002
118.5,406.0,14042.25,1664006.625,197184785.0625
119.6,521.1,14304.159999999998,1710777.5359999998,204608993.30559996
70.1,224.1,4914.009999999999,344472.1009999999,24147494.28009999
93.2,316.1,8686.24,809557.5680000001,75450765.33760001
160.3,573.7,25696.090000000004,4119083.227000001,660289041.2881002
69.3,234.3,4802.49,332812.557,23063910.200099997
40.0,104.1,1600.0,64000.0,2560000.0
109.8,261.6,12056.039999999999,1323753.1919999998,145348100.4816
111.0,351.1,12321.0,1367631.0,151807041.0
111.1,381.3,12343.21,1371330.6309999998,152354833.10409996
105.9,360.7,11214.810000000001,1187648.3790000002,125771963.33610003
109.8,621.1,12056.039999999999,1323753.1919999998,145348100.4816
40.0,101.5,1600.0,64000.0,2560000.0
123.9,424.4,15351.210000000001,1902014.9190000002,235659648.46410003
164.7,610.4,27126.089999999997,4467667.022999999,735824758.6880997
70.5,284.6,4970.25,350402.625,24703385.0625
96.7,273.4,9350.890000000001,904231.0630000001,87439143.79210001
83.6,288.6,6988.959999999999,584277.0559999999,48845561.881599985
78.7,272.6,6193.6900000000005,487443.40300000005,38361795.81610001
98.6,390.7,9721.96,958585.2559999998,94516506.24159998
160.0,527.6,25600.0,4096000.0,655360000.0
174.3,568.0,30380.490000000005,5295319.407000001,922974172.6401002
98.2,266.7,9643.24,946966.1680000001,92992077.6976
176.7,609.6,31222.889999999996,5517084.662999999,974868859.9520998
111.2,444.0,12365.44,1375036.928,152904106.39360002
171.4,528.2,29377.960000000003,5035382.3440000005,863064533.7616001
106.7,319.1,11384.890000000001,1214767.763,129615720.31210001
122.8,467.3,15079.84,1851804.352,227401574.4256
139.8,432.1,19544.040000000005,2732256.792000001,381969499.5216001
85.2,324.0,7259.040000000001,618470.2080000001,52693661.7216
143.9,458.5,20707.210000000003,2979767.5190000003,428788545.98410004
97.3,348.5,9467.289999999999,921167.3169999999,89629579.94409999
92.9,308.1,8630.410000000002,801765.0890000002,74483976.76810002
141.8,612.9,20107.24,2851206.6320000007,404301100.41760015
111.1,304.5,12343.21,1371330.6309999998,152354833.10409996
119.8,291.9,14352.039999999999,1719374.392,205981052.1616
110.5,327.1,12210.25,1349232.625,149090205.0625
121.8,353.9,14835.24,1806932.2319999998,220084345.85759997
124.9,522.6,15600.010000000002,1948441.2490000003,243360312.00010005
42.2,146.2,1780.8400000000001,75151.44800000002,3171391.105600001
133.3,406.0,17768.890000000003,2368593.0370000005,315733451.8321001
75.6,180.7,5715.359999999999,432081.2159999999,32665339.92959999
59.5,215.5,3540.25,210644.875,12533370.0625
112.9,449.9,12746.410000000002,1439069.6890000002,162470967.88810003
85.7,296.1,7344.490000000001,629422.7930000001,53941533.36010001
139.1,442.7,19348.809999999998,2691419.4709999994,374376448.41609997
63.0,69.9,3969.0,250047.0,15752961.0
95.8,310.5,9177.64,879217.9119999999,84229075.96959999
89.5,290.9,8010.25,716917.375,64164105.0625
108.4,313.9,11750.560000000001,1273760.7040000001,138075660.31360003
119.8,344.1,14352.039999999999,1719374.392,205981052.1616
74.7,128.2,5580.09,416832.72300000006,31137404.408100005
135.3,534.2,18306.090000000004,2476813.9770000004,335112931.08810014
112.2,388.0,12588.84,1412467.848,158478892.54560003
43.8,157.4,1918.4399999999998,84027.67199999998,3680412.0335999993
41.4,40.0,1713.9599999999998,70957.94399999999,2937658.8815999995
109.6,417.7,12012.159999999998,1316532.7359999998,144291987.86559996
102.3,373.0,10465.289999999999,1070599.167,109522294.78409998
106.4,412.5,11320.960000000001,1204550.144,128164135.32160003
109.8,295.6,12056.039999999999,1323753.1919999998,145348100.4816
117.9,449.9,13900.410000000002,1638858.3390000002,193221398.16810003
143.2,511.6,20506.239999999998,2936493.5679999995,420505878.93759984
71.1,227.5,5055.209999999999,359425.4309999999,25555148.14409999
69.0,190.3,4761.0,328509.0,22667121.0
71.7,292.6,5140.89,368601.813,26428749.992100004
120.1,500.3,14424.009999999998,1732323.6009999998,208052064.48009995
153.6,656.2,23592.96,3623878.6559999995,556627761.5616
94.9,217.8,9006.01,854670.3490000002,81108216.12010002
40.0,62.4,1600.0,64000.0,2560000.0
50.4,126.7,2540.16,128024.06399999998,6452412.825599999
80.8,294.8,6528.639999999999,527514.112,42623140.24959999
90.5,281.6,8190.25,741217.625,67080195.0625
95.7,354.1,9158.49,876467.4930000001,83877939.08010001
111.4,357.6,12409.960000000001,1382469.5440000002,154007107.20160004
99.1,299.3,9820.81,973242.2709999998,96448309.05609998
146.7,498.9,21520.889999999996,3157114.562999999,463148706.39209986
86.3,416.4,7447.69,642735.6469999999,55468086.33609999
79.8,262.8,6368.04,508169.59199999995,40551933.441599995
126.8,478.3,16078.24,2038720.832,258509801.4976
56.3,200.2,3169.6899999999996,178453.54699999996,10046934.696099998
123.6,403.6,15276.96,1888232.2559999998,233385506.84159997
113.6,447.0,12904.96,1466003.4559999998,166537992.60159996
104.8,460.1,10983.039999999999,1151022.592,120627167.64159998
165.6,733.3,27423.359999999997,4541308.415999999,752040673.6895999
88.2,389.3,7779.240000000001,686128.9680000001,60516574.97760001
182.1,566.4,33160.409999999996,6038510.660999999,1099612791.3681
102.1,346.0,10424.409999999998,1064332.2609999997,108668323.84809998
65.3,204.6,4264.089999999999,278445.077,18182463.528099995
112.4,492.2,12633.760000000002,1420034.6240000003,159611891.73760003
72.3,167.6,5227.29,377933.067,27324560.744099997
83.7,295.3,7005.6900000000005,586376.253,49079692.3761
123.9,430.3,15351.210000000001,1902014.9190000002,235659648.46410003
129.4,459.1,16744.36,2166720.1840000004,280373591.80960006
88.2,263.9,7779.240000000001,686128.9680000001,60516574.97760001
144.6,628.6,20909.16,3023464.536,437192971.90559995
150.5,694.0,22650.25,3408862.625,513033825.0625
160.3,570.1,25696.090000000004,4119083.227000001,660289041.2881002
128.5,416.5,16512.25,2121824.125,272654400.0625
157.7,544.5,24869.289999999997,3921887.0329999994,618481585.1040999
44.2,118.8,1953.6400000000003,86350.88800000002,3816709.249600001
98.9,313.4,9781.210000000001,967361.6690000001,95672069.06410003
79.7,373.6,6352.09,506261.57300000003,40349047.3681
114.2,365.2,13041.640000000001,1489355.2880000002,170084373.8896
90.0,458.1,8100.0,729000.0,65610000.0
104.2,467.4,10857.640000000001,1131366.088,117888346.36960001
175.9,689.6,30940.81,5442488.479,957333723.4561001
104.1,369.8,10836.81,1128111.9209999999,117436450.97609997
124.5,326.0,15500.25,1929781.125,240257750.0625
109.8,407.0,12056.039999999999,1323753.1919999998,145348100.4816
112.6,424.0,12678.759999999998,1427628.3759999997,160750955.13759997
110.2,311.7,12144.04,1338273.208,147477707.5216
125.7,352.0,15800.490000000002,1986121.593,249655484.24010003
150.8,645.6,22740.640000000003,3429288.5120000006,517136707.6096001
167.7,560.7,28123.289999999997,4716275.732999999,790919440.4240998
120.8,510.0,14592.64,1762790.9119999998,212945142.16959998
109.8,441.9,12056.039999999999,1323753.1919999998,145348100.4816
69.7,219.9,4858.09,338608.873,23601038.448100004
106.9,335.0,11427.61,1221611.5090000003,130590270.31210002
142.9,443.4,20420.41,2918076.589,416993144.5681001
109.8,506.4,12056.039999999999,1323753.1919999998,145348100.4816
117.4,613.1,13782.760000000002,1618096.0240000002,189964473.21760005
141.0,712.6,19881.0,2803221.0,395254161.0
127.2,570.4,16179.84,2058075.648,261787222.42560002
152.0,515.7,23104.0,3511808.0,533794816.0
120.1,400.0,14424.009999999998,1732323.6009999998,208052064.48009995
97.6,318.4,9525.759999999998,929714.1759999999,90740103.57759997
121.8,395.6,14835.24,1806932.2319999998,220084345.85759997
40.0,120.5,1600.0,64000.0,2560000.0
123.4,567.2,15227.560000000001,1879080.9040000003,231878583.55360004
40.0,92.2,1600.0,64000.0,2560000.0
49.7,40.0,2470.09,122763.47300000003,6101344.608100002
109.8,431.7,12056.039999999999,1323753.1919999998,145348100.4816
126.7,418.1,16052.890000000001,2033901.1630000002,257695277.3521
69.3,180.1,4802.49,332812.557,23063910.200099997
85.1,367.5,7242.009999999999,616295.0509999999,52446708.84009998
158.0,582.5,24964.0,3944312.0,623201296.0
93.1,329.0,8667.609999999999,806954.4909999998,75127463.11209998
109.9,450.2,12078.010000000002,1327373.299,145878325.56010002
124.3,402.5,15450.49,1920495.907,238717641.24009997
166.6,666.4,27755.559999999998,4624076.295999999,770371110.9135998
114.6,321.5,13133.159999999998,1505060.1359999997,172479891.58559996
74.9,308.8,5610.010000000001,420189.74900000007,31472212.20010001
106.2,463.9,11278.44,1197770.3280000002,127203208.83360001
108.8,340.1,11837.439999999999,1287913.4719999998,140124985.75359997
62.2,272.0,3868.84,240641.84800000003,14967922.945600003
101.0,379.3,10201.0,1030301.0,104060401.0
84.0,242.7,7056.0,592704.0,49787136.0
142.4,486.3,20277.760000000002,2887553.024,411187550.6176001
111.2,413.3,12365.44,1375036.928,152904106.39360002
100.1,312.1,10020.009999999998,1003003.0009999998,100400600.40009998
106.3,298.9,11299.689999999999,1201157.0469999998,127682994.09609999
117.8,407.3,13876.84,1634691.7519999999,192566688.38559997
131.6,415.4,17318.559999999998,2279122.496,299932520.4736
75.0,262.8,5625.0,421875.0,31640625.0
73.5,198.7,5402.25,397065.375,29184305.0625
148.7,643.1,22111.689999999995,3288008.3029999994,488926834.65609986
95.6,333.1,9139.359999999999,873722.8159999999,83527901.20959999
60.4,134.0,3648.16,220348.86399999997,13309071.385599999
125.5,442.1,15750.25,1976656.375,248070375.0625
126.2,541.6,15926.44,2009916.7280000001,253651491.07360002
56.4,249.2,3180.96,179406.144,10118506.521599999
118.0,418.1,13924.0,1643032.0,193877776.0
135.7,377.4,18414.489999999998,2498846.2929999996,339093441.9600999
123.1,380.0,15153.609999999999,1865409.3909999998,229631896.03209996
132.1,489.7,17450.41,2305199.161,304516809.16809994
60.9,178.1,3708.81,225866.52899999998,13755271.616099998
121.6,451.1,14786.56,1798045.6959999998,218642356.63359997
99.4,466.4,9880.36,982107.7840000002,97621513.72960003
93.1,256.7,8667.609999999999,806954.4909999998,75127463.11209998
109.8,630.7,12056.039999999999,1323753.1919999998,145348100.4816
161.8,586.1,26179.240000000005,4235801.032000001,685352606.9776002
172.8,556.1,29859.840000000004,5159780.352000001,891610044.8256003
156.0,563.2,24336.0,3796416.0,592240896.0
106.2,272.5,11278.44,1197770.3280000002,127203208.83360001
122.3,346.8,14957.289999999999,1829276.5669999998,223720524.14409998
136.8,573.2,18714.24,2560108.0320000006,350222778.7776001
109.8,321.3,12056.039999999999,1323753.1919999998,145348100.4816
114.6,431.1,13133.159999999998,1505060.1359999997,172479891.58559996
138.8,335.6,19265.440000000002,2674043.0720000006,371157178.3936001
107.9,280.4,11642.410000000002,1256216.039,135545710.60810003
84.5,283.8,7140.25,603351.125,50983170.0625
95.5,291.9,9120.25,870983.875,83178960.0625
132.2,430.1,17476.839999999997,2310438.247999999,305439936.3855999
110.1,373.8,12122.009999999998,1334633.3009999997,146943126.44009998
121.9,370.2,14859.61,1811386.4590000003,220808009.35210004
133.5,646.1,17822.25,2379270.375,317632595.0625
96.9,456.6,9389.61,909853.2090000001,88164775.95210002
136.5,428.3,18632.25,2543302.125,347160740.0625
123.3,432.2,15202.89,1874516.3369999998,231127864.35209998
66.8,207.3,4462.24,298077.632,19911585.817599997
160.5,594.8,25760.25,4134520.125,663590480.0625
92.5,337.1,8556.25,791453.125,73209414.0625
52.1,195.7,2714.4100000000003,141420.761,7368021.648100001
73.4,195.0,5387.56,395446.9040000001,29025802.75360001
74.3,145.9,5520.49,410172.40699999995,30475809.840099994
111.8,372.9,12499.24,1397415.032,156231000.57759997
100.4,356.3,10080.160000000002,1012048.0640000001,101609625.62560003
98.2,318.4,9643.24,946966.1680000001,92992077.6976
131.7,402.3,17344.889999999996,2284322.0129999993,300845209.1120999
121.9,444.6,14859.61,1811386.4590000003,220808009.35210004
121.1,463.9,14665.21,1775956.9309999999,215068384.34409997
124.3,439.6,15450.49,1920495.907,238717641.24009997
131.6,472.6,17318.559999999998,2279122.496,299932520.4736
40.0,172.0,1600.0,64000.0,2560000.0
97.2,334.7,9447.84,918330.0480000001,89261680.66560002
40.0,101.0,1600.0,64000.0,2560000.0
111.3,438.6,12387.689999999999,1378749.8969999999,153454863.53609997
109.8,390.6,12056.039999999999,1323753.1919999998,145348100.4816
146.6,510.1,21491.559999999998,3150662.6959999995,461887151.2335999
151.6,524.0,22982.559999999998,3484156.0959999994,528198064.1535999
117.1,525.7,13712.409999999998,1605723.2109999997,188030188.00809997
92.5,397.3,8556.25,791453.125,73209414.0625
127.0,484.1,16129.0,2048383.0,260144641.0
91.5,172.7,8372.25,766060.875,70094570.0625
110.0,425.9,12100.0,1331000.0,146410000.0
144.5,411.5,20880.25,3017196.125,435984840.0625
90.5,306.1,8190.25,741217.625,67080195.0625
138.2,528.2,19099.239999999998,2639514.9679999994,364780968.5775999
109.8,469.0,12056.039999999999,1323753.1919999998,145348100.4816
76.6,208.8,5867.5599999999995,449455.0959999999,34428260.35359999
144.1,533.3,20764.809999999998,2992209.121,431177334.3360999
134.4,650.9,18063.36,2427715.5840000003,326284974.48960006
113.6,475.6,12904.96,1466003.4559999998,166537992.60159996
83.3,242.7,6938.889999999999,578009.5369999999,48148194.43209999
79.9,303.1,6384.010000000001,510082.3990000001,40755583.68010001
91.2,348.2,8317.44,758550.528,69179808.1536
129.0,455.9,16641.0,2146689.0,276922881.0
76.6,241.3,5867.5599999999995,449455.0959999999,34428260.35359999
125.3,535.4,15700.09,1967221.2769999998,246492826.00809997
66.5,213.3,4422.25,294079.625,19556295.0625
102.9,300.6,10588.410000000002,1089547.3890000002,112114426.32810003
113.8,410.3,12950.439999999999,1473760.072,167713896.19359997
195.6,755.0,38259.36,7483530.816,1463778627.6095998
61.8,270.4,3819.24,236029.03199999998,14586594.177599998
161.5,476.8,26082.25,4212283.375,680283765.0625
115.2,422.2,13271.04,1528823.8080000002,176120502.6816
124.4,530.2,15475.36,1925134.7840000002,239486767.12960005
125.6,594.6,15775.359999999999,1981385.2159999998,248861983.12959996
104.6,489.2,10941.159999999998,1144445.336,119708982.14559998
160.9,521.1,25888.81,4165509.5290000006,670230483.2161001
109.8,314.1,12056.039999999999,1323753.1919999998,145348100.4816
149.6,483.4,22380.16,3348071.9359999998,500871561.6255999
87.4,267.8,7638.760000000001,667627.6240000002,58350654.337600015
107.9,525.8,11642.410000000002,1256216.039,135545710.60810003
72.5,248.3,5256.25,381078.125,27628164.0625
125.9,376.6,15850.810000000001,1995616.9790000003,251248177.65610003
160.6,455.5,25792.359999999997,4142253.0159999994,665245834.3695999
107.3,373.8,11513.289999999999,1235376.017,132555846.62409998
103.1,350.8,10629.609999999999,1095912.7909999997,112988608.75209998
71.0,282.7,5041.0,357911.0,25411681.0
102.0,398.5,10404.0,1061208.0,108243216.0
54.3,250.9,2948.49,160103.00699999998,8693593.280099997
78.0,253.6,6084.0,474552.0,37015056.0
117.9,379.8,13900.410000000002,1638858.3390000002,193221398.16810003
156.2,437.2,24398.439999999995,3811036.3279999993,595283874.4335998
89.5,290.5,8010.25,716917.375,64164105.0625
160.2,557.2,25664.039999999997,4111379.207999999,658642949.1215998
118.5,347.1,14042.25,1664006.625,197184785.0625
104.7,305.8,10962.09,1147730.823,120167417.16810001
125.1,508.7,15650.009999999998,1957816.2509999997,244922813.00009996
112.2,371.1,12588.84,1412467.848,158478892.54560003
109.8,321.5,12056.039999999999,1323753.1919999998,145348100.4816
95.7,394.2,9158.49,876467.4930000001,83877939.08010001
61.1,145.2,3733.21,228099.13100000002,13936856.9041
56.0,105.8,3136.0,175616.0,9834496.0
109.8,335.5,12056.039999999999,1323753.1919999998,145348100.4816
100.3,317.6,10060.09,1009027.0269999999,101205410.80809999
89.1,238.9,7938.809999999999,707347.9709999999,63024704.216099985
110.3,358.2,12166.09,1341919.727,148013745.8881
137.8,605.4,18988.840000000004,2616662.1520000007,360576044.5456001
116.3,443.0,13525.689999999999,1573037.747,182944289.97609997
87.0,455.5,7569.0,658503.0,57289761.0
152.9,466.8,23378.410000000003,3574558.8890000004,546550054.1281
165.3,566.7,27324.090000000004,4516672.0770000005,746605894.3281002
127.3,394.0,16205.289999999999,2062933.417,262611423.98409998
109.8,502.4,12056.039999999999,1323753.1919999998,145348100.4816
153.5,477.9,23562.25,3616805.375,555179625.0625
149.6,594.4,22380.16,3348071.9359999998,500871561.6255999
131.5,528.4,17292.25,2273930.875,299021910.0625
130.9,464.1,17134.81,2242946.629,293601713.7361001
128.2,443.7,16435.239999999998,2106997.767999999,270117113.8575999
71.6,309.2,5126.5599999999995,367061.69599999994,26281617.43359999
134.5,397.8,18090.25,2433138.625,327257145.0625
62.5,220.7,3906.25,244140.625,15258789.0625
82.2,318.9,6756.84,555412.248,45654886.78560001
155.6,479.9,24211.359999999997,3767287.6159999995,586189953.0495999
139.4,443.1,19432.36,2708870.984,377616615.16960007
162.1,530.4,26276.41,4259406.061,690449722.4880999
100.5,424.1,10100.25,1015075.125,102015050.0625
69.7,274.3,4858.09,338608.873,23601038.448100004
109.8,320.6,12056.039999999999,1323753.1919999998,145348100.4816
113.6,400.6,12904.96,1466003.4559999998,166537992.60159996
112.8,498.6,12723.84,1435249.152,161896104.34559998
149.7,618.8,22410.089999999997,3354790.4729999993,502212133.80809987
97.4,355.7,9486.76,924010.4240000001,89998615.29760002
122.3,412.0,14957.289999999999,1829276.5669999998,223720524.14409998
75.4,130.9,5685.160000000001,428661.0640000001,32321044.225600008
125.8,478.4,15825.64,1990865.5119999999,250450881.4096
110.1,523.2,12122.009999999998,1334633.3009999997,146943126.44009998
83.8,295.7,7022.44,588480.472,49314663.55359999
101.7,299.9,10342.890000000001,1051871.9130000002,106975373.55210002
103.6,389.1,10732.96,1111934.6559999997,115196430.36159998
100.5,482.5,10100.25,1015075.125,102015050.0625
172.0,537.9,29584.0,5088448.0,875213056.0
106.6,349.2,11363.56,1211355.4959999998,129130495.87359998
101.5,258.3,10302.25,1045678.375,106136355.0625
40.0,66.3,1600.0,64000.0,2560000.0
78.7,362.9,6193.6900000000005,487443.40300000005,38361795.81610001
100.8,391.1,10160.64,1024192.5119999999,103238605.20959999
86.0,337.1,7396.0,636056.0,54700816.0
158.4,509.3,25090.56,3974344.7040000004,629536201.1136001
104.2,448.0,10857.640000000001,1131366.088,117888346.36960001
155.1,533.0,24056.01,3731087.1509999996,578691617.1200999
112.2,380.6,12588.84,1412467.848,158478892.54560003
111.3,478.4,12387.689999999999,1378749.8969999999,153454863.53609997
106.9,444.4,11427.61,1221611.5090000003,130590270.31210002
110.1,340.0,12122.009999999998,1334633.3009999997,146943126.44009998
170.2,671.6,28968.039999999997,4930360.407999999,839147341.4415997
40.0,123.3,1600.0,64000.0,2560000.0
40.0,81.0,1600.0,64000.0,2560000.0
91.0,445.4,8281.0,753571.0,68574961.0
110.5,286.7,12210.25,1349232.625,149090205.0625
134.2,392.0,18009.639999999996,2416893.6879999996,324347132.9295999
126.6,374.8,16027.559999999998,2029089.0959999997,256882679.55359995
96.6,397.4,9331.56,901428.6959999999,87078012.03359997
145.7,473.5,21228.489999999998,3092990.9929999993,450648787.68009984
146.1,564.6,21345.21,3118535.181,455617989.9440999
116.4,401.9,13548.960000000001,1577098.9440000001,183574317.08160004
143.7,400.9,20649.689999999995,2967360.4529999993,426409697.09609985
119.5,363.8,14280.25,1706489.875,203925540.0625
90.3,261.2,8154.089999999999,736314.3269999999,66489183.728099994
134.4,461.1,18063.36,2427715.5840000003,326284974.48960006
109.8,417.3,12056.039999999999,1323753.1919999998,145348100.4816
110.0,351.6,12100.0,1331000.0,146410000.0
161.6,552.6,26114.559999999998,4220112.896,681970243.9935999
40.0,100.1,1600.0,64000.0,2560000.0
60.4,262.2,3648.16,220348.86399999997,13309071.385599999
68.5,168.9,4692.25,321419.125,22017210.0625
97.3,199.5,9467.289999999999,921167.3169999999,89629579.94409999
101.1,394.1,10221.21,1033364.3309999998,104473133.86409998
57.2,199.2,3271.84,187149.24800000002,10704936.985600002
75.5,234.5,5700.25,430368.875,32492850.0625
79.9,272.0,6384.010000000001,510082.3990000001,40755583.68010001
196.0,609.6,38416.0,7529536.0,1475789056.0
95.6,337.1,9139.359999999999,873722.8159999999,83527901.20959999
97.3,350.4,9467.289999999999,921167.3169999999,89629579.94409999
69.8,190.1,4872.04,340068.39199999993,23736773.761599995
43.2,119.8,1866.2400000000002,80621.56800000001,3482851.737600001
105.9,330.8,11214.810000000001,1187648.3790000002,125771963.33610003
75.1,198.9,5640.009999999999,423564.75099999993,31809712.80009999
107.0,333.7,11449.0,1225043.0,131079601.0
54.0,130.9,2916.0,157464.0,8503056.0
83.3,219.4,6938.889999999999,578009.5369999999,48148194.43209999
115.2,481.3,13271.04,1528823.8080000002,176120502.6816
124.6,499.8,15525.159999999998,1934434.9359999998,241030593.02559996
63.8,207.1,4070.4399999999996,259694.07199999996,16568481.793599997
139.9,464.7,19572.010000000002,2738124.1990000005,383063575.4401001
82.0,307.3,6724.0,551368.0,45212176.0
132.2,560.5,17476.839999999997,2310438.247999999,305439936.3855999
109.6,333.0,12012.159999999998,1316532.7359999998,144291987.86559996
61.8,131.1,3819.24,236029.03199999998,14586594.177599998
98.9,287.6,9781.210000000001,967361.6690000001,95672069.06410003
122.8,459.2,15079.84,1851804.352,227401574.4256
131.5,503.2,17292.25,2273930.875,299021910.0625
105.1,333.2,11046.009999999998,1160935.6509999998,122014336.92009997
163.6,641.7,26764.96,4378747.455999999,716363083.8015999
145.3,598.1,21112.090000000004,3067586.6770000006,445720344.1681001
101.0,222.1,10201.0,1030301.0,104060401.0
136.3,615.7,18577.690000000002,2532139.147000001,345130565.73610014
177.7,584.7,31577.289999999997,5611284.432999999,997125243.7440997
178.6,561.3,31897.96,5696975.6559999995,1017479852.1615999
67.0,195.3,4489.0,300763.0,20151121.0
77.6,298.5,6021.759999999999,467288.5759999999,36261593.49759999
109.8,654.2,12056.039999999999,1323753.1919999998,145348100.4816
73.0,220.5,5329.0,389017.0,28398241.0
